facility,acuity,item,base_prob
cardiac,critical,cardiologist,0.85
cardiac,critical,defibrillator,0.8
cardiac,critical,cath_lab,0.6
cardiac,critical,emergency_physician,0.9
cardiac,critical,er_nurse,0.9
cardiac,urgent,cardiologist,0.6
cardiac,urgent,emergency_physician,0.85
cardiac,urgent,er_nurse,0.85
cardiac,stable,cardiologist,0.3
cardiac,stable,emergency_physician,0.7
stroke,critical,neurologist,0.85
stroke,critical,ct_scanner,0.8
stroke,critical,emergency_physician,0.9
stroke,critical,er_nurse,0.9
stroke,urgent,neurologist,0.6
stroke,urgent,ct_scanner,0.6
stroke,urgent,emergency_physician,0.8
trauma,critical,trauma_surgeon,0.85
trauma,critical,operating_theatre,0.6
trauma,critical,blood_o_neg,0.4
trauma,critical,defibrillator,0.3
trauma,critical,emergency_physician,0.9
trauma,critical,er_nurse,0.9
trauma,urgent,trauma_surgeon,0.5
trauma,urgent,emergency_physician,0.85
burns,critical,burns_surgeon,0.8
burns,critical,ventilator,0.5
burns,critical,emergency_physician,0.9
burns,critical,er_nurse,0.9
burns,urgent,burns_surgeon,0.5
burns,urgent,emergency_physician,0.8
respiratory,critical,pulmonologist,0.7
respiratory,critical,ventilator,0.7
respiratory,critical,emergency_physician,0.9
respiratory,critical,er_nurse,0.9
respiratory,urgent,pulmonologist,0.4
respiratory,urgent,emergency_physician,0.8
obstetric,critical,obstetrician,0.9
obstetric,critical,operating_theatre,0.4
obstetric,critical,blood_o_pos,0.3
obstetric,critical,emergency_physician,0.7
obstetric,critical,er_nurse,0.9
obstetric,urgent,obstetrician,0.7
obstetric,urgent,er_nurse,0.8
pediatric,critical,pediatrician,0.85
pediatric,critical,emergency_physician,0.7
pediatric,critical,er_nurse,0.9
pediatric,urgent,pediatrician,0.6
pediatric,urgent,emergency_physician,0.7
poisoning,critical,emergency_physician,0.9
poisoning,critical,ventilator,0.4
poisoning,critical,dialysis,0.2
poisoning,critical,er_nurse,0.9
poisoning,urgent,emergency_physician,0.8
general,critical,emergency_physician,0.9
general,critical,er_nurse,0.9
general,urgent,emergency_physician,0.75
general,urgent,er_nurse,0.75
general,stable,emergency_physician,0.5
